{
  "stats": {
    "n_clusters": 30,
    "n_noise_points": 205,
    "noise_ratio": 0.2971014492753623,
    "silhouette_score": 0.034697286784648895,
    "cluster_sizes": {
      "-1": 205,
      "12": 10,
      "16": 65,
      "15": 22,
      "14": 8,
      "13": 26,
      "0": 39,
      "3": 18,
      "11": 6,
      "18": 6,
      "2": 13,
      "23": 53,
      "9": 8,
      "29": 15,
      "4": 17,
      "1": 32,
      "20": 6,
      "5": 5,
      "7": 9,
      "6": 5,
      "24": 5,
      "21": 17,
      "28": 11,
      "19": 11,
      "22": 17,
      "10": 7,
      "26": 9,
      "25": 7,
      "17": 23,
      "27": 6,
      "8": 9
    }
  },
  "labels": [
    -1,
    12,
    16,
    12,
    -1,
    -1,
    16,
    15,
    -1,
    -1,
    14,
    13,
    -1,
    -1,
    0,
    -1,
    13,
    15,
    13,
    -1,
    -1,
    14,
    -1,
    16,
    -1,
    16,
    -1,
    15,
    0,
    0,
    3,
    0,
    -1,
    -1,
    11,
    18,
    -1,
    16,
    15,
    0,
    2,
    3,
    16,
    23,
    -1,
    16,
    16,
    16,
    9,
    -1,
    2,
    -1,
    16,
    0,
    23,
    29,
    4,
    1,
    0,
    23,
    4,
    12,
    16,
    1,
    15,
    -1,
    16,
    20,
    -1,
    5,
    16,
    -1,
    16,
    11,
    18,
    12,
    13,
    -1,
    7,
    6,
    16,
    -1,
    -1,
    29,
    1,
    3,
    16,
    16,
    23,
    0,
    9,
    13,
    3,
    12,
    29,
    -1,
    -1,
    16,
    16,
    1,
    0,
    0,
    0,
    0,
    0,
    4,
    16,
    1,
    24,
    21,
    16,
    16,
    -1,
    14,
    -1,
    28,
    -1,
    20,
    16,
    -1,
    29,
    6,
    -1,
    5,
    19,
    -1,
    -1,
    22,
    0,
    10,
    -1,
    26,
    -1,
    0,
    0,
    2,
    13,
    19,
    23,
    21,
    20,
    -1,
    -1,
    -1,
    1,
    -1,
    24,
    3,
    2,
    22,
    0,
    16,
    20,
    -1,
    16,
    16,
    4,
    13,
    -1,
    19,
    16,
    23,
    16,
    15,
    -1,
    15,
    13,
    -1,
    -1,
    23,
    -1,
    24,
    -1,
    -1,
    4,
    16,
    16,
    24,
    -1,
    3,
    -1,
    10,
    10,
    16,
    -1,
    4,
    16,
    -1,
    4,
    28,
    15,
    16,
    26,
    -1,
    -1,
    9,
    -1,
    16,
    16,
    21,
    7,
    0,
    16,
    19,
    4,
    16,
    -1,
    6,
    0,
    25,
    1,
    16,
    9,
    10,
    24,
    1,
    2,
    -1,
    5,
    -1,
    16,
    -1,
    -1,
    12,
    4,
    1,
    13,
    3,
    0,
    16,
    4,
    21,
    15,
    17,
    -1,
    -1,
    -1,
    0,
    16,
    16,
    2,
    3,
    -1,
    10,
    4,
    -1,
    -1,
    -1,
    29,
    26,
    -1,
    19,
    29,
    0,
    16,
    -1,
    19,
    -1,
    -1,
    14,
    21,
    1,
    23,
    16,
    10,
    17,
    19,
    7,
    -1,
    23,
    16,
    13,
    22,
    -1,
    20,
    7,
    12,
    7,
    15,
    23,
    13,
    13,
    -1,
    -1,
    27,
    23,
    4,
    12,
    13,
    16,
    2,
    -1,
    4,
    21,
    -1,
    -1,
    4,
    8,
    1,
    23,
    15,
    -1,
    1,
    16,
    15,
    26,
    7,
    16,
    15,
    21,
    12,
    25,
    -1,
    21,
    16,
    0,
    2,
    9,
    2,
    23,
    17,
    23,
    0,
    0,
    0,
    17,
    16,
    -1,
    25,
    16,
    14,
    26,
    5,
    23,
    -1,
    11,
    23,
    16,
    -1,
    2,
    -1,
    1,
    23,
    3,
    26,
    3,
    16,
    16,
    16,
    28,
    29,
    16,
    0,
    13,
    -1,
    3,
    -1,
    -1,
    23,
    -1,
    -1,
    8,
    -1,
    3,
    17,
    8,
    1,
    1,
    -1,
    -1,
    -1,
    -1,
    29,
    25,
    -1,
    0,
    16,
    16,
    -1,
    -1,
    22,
    23,
    -1,
    -1,
    0,
    27,
    21,
    -1,
    4,
    23,
    4,
    23,
    -1,
    6,
    23,
    -1,
    -1,
    1,
    -1,
    11,
    -1,
    17,
    15,
    17,
    17,
    1,
    23,
    22,
    13,
    13,
    13,
    23,
    0,
    -1,
    -1,
    21,
    -1,
    22,
    -1,
    28,
    2,
    7,
    0,
    3,
    -1,
    28,
    29,
    -1,
    1,
    12,
    -1,
    29,
    21,
    -1,
    23,
    16,
    -1,
    -1,
    3,
    23,
    0,
    -1,
    -1,
    -1,
    15,
    15,
    22,
    -1,
    1,
    1,
    1,
    -1,
    -1,
    19,
    22,
    -1,
    8,
    -1,
    -1,
    29,
    23,
    23,
    -1,
    0,
    23,
    -1,
    17,
    -1,
    23,
    -1,
    -1,
    -1,
    17,
    -1,
    27,
    0,
    0,
    1,
    16,
    -1,
    -1,
    -1,
    23,
    -1,
    -1,
    18,
    23,
    22,
    23,
    -1,
    13,
    -1,
    15,
    1,
    23,
    28,
    22,
    23,
    28,
    23,
    -1,
    17,
    28,
    -1,
    25,
    7,
    23,
    18,
    26,
    15,
    17,
    22,
    17,
    -1,
    3,
    -1,
    -1,
    -1,
    23,
    -1,
    -1,
    17,
    -1,
    17,
    22,
    -1,
    28,
    23,
    15,
    23,
    8,
    8,
    1,
    8,
    -1,
    16,
    -1,
    22,
    -1,
    -1,
    23,
    13,
    -1,
    28,
    -1,
    -1,
    3,
    17,
    29,
    18,
    25,
    -1,
    22,
    -1,
    -1,
    -1,
    23,
    0,
    -1,
    -1,
    29,
    13,
    22,
    -1,
    21,
    23,
    -1,
    -1,
    -1,
    3,
    10,
    -1,
    22,
    14,
    23,
    -1,
    2,
    25,
    8,
    19,
    -1,
    -1,
    27,
    -1,
    1,
    15,
    -1,
    9,
    -1,
    23,
    -1,
    1,
    1,
    -1,
    17,
    -1,
    15,
    -1,
    17,
    26,
    17,
    29,
    6,
    23,
    17,
    27,
    0,
    23,
    19,
    23,
    -1,
    15,
    17,
    1,
    13,
    17,
    28,
    1,
    -1,
    17,
    3,
    -1,
    -1,
    -1,
    -1,
    -1,
    -1,
    7,
    23,
    23,
    13,
    -1,
    18,
    13,
    9,
    29,
    8,
    -1,
    21,
    -1,
    11,
    -1,
    16,
    23,
    21,
    21,
    21,
    1,
    -1,
    19,
    -1,
    23,
    14,
    0,
    -1,
    -1,
    -1,
    -1,
    9,
    13,
    -1,
    27,
    26,
    13,
    -1,
    14,
    -1,
    1,
    23,
    -1,
    -1,
    20,
    -1,
    16,
    22,
    1,
    -1,
    -1,
    0,
    21,
    -1,
    2,
    16,
    5,
    -1,
    11,
    -1,
    4,
    16,
    13
  ],
  "summaries": {
    "0": "multimodal+vision+safety (39)",
    "1": "multimodal+safety+jailbreak (32)",
    "2": "jailbreak+multimodal+safety (13)",
    "3": "rag+blackbox+integrity (18)",
    "4": "prompt-layer+jailbreak+safety (17)",
    "5": "blackbox+prompt-layer+model-layer (5)",
    "6": "model-layer+blackbox+integrity (5)",
    "7": "blackbox+integrity+injection (9)",
    "8": "safety+jailbreak+blackbox (9)",
    "9": "model-layer+fine-tuning+data-security (8)",
    "10": "jailbreak+safety+blackbox (7)",
    "11": "model-layer+jailbreak+safety (6)",
    "12": "jailbreak+safety+prompt-layer (10)",
    "13": "model-layer+fine-tuning+safety (26)",
    "14": "safety+model-layer+jailbreak (8)",
    "15": "model-layer+jailbreak+whitebox (22)",
    "16": "agent+safety+application-layer (65)",
    "17": "blackbox+jailbreak+safety (23)",
    "18": "prompt-layer+blackbox+integrity (6)",
    "19": "jailbreak+blackbox+safety (11)",
    "20": "prompt-layer+jailbreak+blackbox (6)",
    "21": "blackbox+prompt-layer+jailbreak (17)",
    "22": "jailbreak+safety+blackbox (17)",
    "23": "jailbreak+safety+blackbox (53)",
    "24": "model-layer+prompt-layer+blackbox (5)",
    "25": "jailbreak+blackbox+safety (7)",
    "26": "safety+jailbreak+blackbox (9)",
    "27": "prompt-layer+blackbox+safety (6)",
    "28": "jailbreak+blackbox+safety (11)",
    "29": "blackbox+safety+integrity (15)"
  }
}